"Player","Pos_C","Pos_F","Pos_PF","Pos_PG","Pos_SF","Pos_SF-PF","Pos_SG","Age","Tm_ATL","Tm_BOS","Tm_BRK","Tm_CHI","Tm_CHO","Tm_CLE","Tm_DAL","Tm_DEN","Tm_DET","Tm_GSW","Tm_HOU","Tm_IND","Tm_LAC","Tm_LAL","Tm_MEM","Tm_MIA","Tm_MIL","Tm_MIN","Tm_NOP","Tm_NYK","Tm_OKC","Tm_ORL","Tm_PHI","Tm_PHO","Tm_POR","Tm_SAC","Tm_SAS","Tm_TOR","Tm_TOT","Tm_UTA","Tm_WAS","G","MP","PER","TS.","X3PAr","FTr","ORB.","DRB.","TRB.","AST.","STL.","BLK.","TOV.","USG.","OWS","DWS","WS","WS.48","OBPM","DBPM","BPM","VORP","GS","FG","FGA","FG.","X3P","X3PA","X3P.","X2P","X2PA","X2P.","eFG.","FT","FTA","FT.","ORB","DRB","TRB","AST","STL","BLK","TOV","PF","PTS","weight","salary","Close.Shot","Mid.Range.Shot","Three.Point.Shot","Free.Throw","Shot.IQ","Offensive.Consistency","Speed","Acceleration","Strength","Vertical","Stamina","Hustle","Overall.Durability","Layup","Standing.Dunk","Driving.Dunk","Post.Hook","Post.Fade","Post.Control","Draw.Foul","Hands","Pass.Accuracy","Ball.Handle","Speed.with.Ball","Pass.IQ","Pass.Vision","Interior.Defense","Perimeter.Defense","Steal","Block","Lateral.Quickness","Help.Defense.IQ","Pass.Perception","Defensive.Consistency","Offensive.Rebound","Defensive.Rebound"
"Steven Adams",1,0,0,0,0,0,0,27,0,0,0,0,0,0,0,0,0,0,0,0,0,0,0,0,0,0,1,0,0,0,0,0,0,0,0,0,0,0,0,27,760,15.9,0.592,0.006,0.397,16.9,18,17.5,10.1,1.7,2,20.1,12.8,1.2,0.5,1.7,0.109,-0.1,-1,-1.1,0.2,27,3.5,5.8,0.603,0,0,0,3.5,5.7,0.606,0.603,1.1,2.3,0.468,4.3,4.6,8.9,2.1,1,0.6,1.7,1.9,8,115.7,25842697,82,68,26,56,85,70,48,37,81,68,93,97,82,74,85,70,63,62,72,65,79,42,35,33,68,57,90,55,41,74,63,90,78,90,90,84
"Bam Adebayo",1,0,0,0,0,0,0,23,0,0,0,0,0,0,0,0,0,0,0,0,0,0,0,1,0,0,0,0,0,0,0,0,0,0,0,0,0,0,0,26,873,22.7,0.641,0.015,0.469,6.8,23.2,15.4,27.9,1.4,3.2,16.2,24.6,2.3,1.3,3.6,0.196,2.9,2,4.9,1.5,26,7.4,12.9,0.573,0.1,0.2,0.4,7.3,12.7,0.576,0.576,5.1,6,0.841,1.9,7.3,9.2,5.3,1,1,3,2.6,19.9,110.2,3454080,91,78,56,68,97,95,70,69,84,85,95,93,90,79,90,80,76,68,78,84,95,64,60,59,74,71,85,69,49,72,69,86,75,85,75,85
"LaMarcus Aldridge",1,0,0,0,0,0,0,35,0,0,0,0,0,0,0,0,0,0,0,0,0,0,0,0,0,0,0,0,0,0,0,0,0,0,1,0,0,0,0,18,480,15.2,0.542,0.298,0.093,3.2,14,8.4,11.4,0.7,2.8,6.4,22.3,0.2,0.5,0.7,0.075,0.3,-1,-0.7,0.2,18,5.9,12.5,0.476,1.3,3.7,0.358,4.6,8.8,0.525,0.529,0.9,1.2,0.762,0.8,3.5,4.3,1.9,0.4,0.9,0.9,1.5,14.1,111.6,2.6e+07,94,87,83,82,95,85,43,46,87,62,95,80,80,78,70,69,92,92,90,70,92,55,42,38,70,43,74,48,36,81,52,83,70,65,57,70
"Jarrett Allen",1,0,0,0,0,0,0,22,0,0,0,0,0,0,0,0,0,0,0,0,0,0,0,0,0,0,0,0,0,0,0,0,0,0,0,0,1,0,0,28,734,22.5,0.695,0.021,0.695,12.6,25.5,19.1,9,0.9,5.5,14.8,17.1,2.3,0.8,3.1,0.203,2.3,0.4,2.7,0.9,10,4.4,6.8,0.642,0,0.1,0.25,4.3,6.6,0.651,0.645,3.6,4.7,0.758,2.9,6.1,9,1.6,0.5,1.6,1.5,1.6,12.3,106.1,2376840,76,54,39,65,98,85,75,72,84,79,86,80,82,74,85,75,66,60,74,78,85,25,35,35,48,34,82,41,38,82,53,83,67,80,81,85
"Giannis Antetokounmpo",0,0,1,0,0,0,0,26,0,0,0,0,0,0,0,0,0,0,0,0,0,0,0,0,1,0,0,0,0,0,0,0,0,0,0,0,0,0,0,27,906,28.3,0.62,0.216,0.54,5.6,29.8,18,27.5,1.8,3.5,13.9,33,2.7,1.5,4.3,0.226,5.2,2,7.2,2.1,27,10.3,18.4,0.563,1.1,4,0.29,9.2,14.4,0.638,0.594,6.4,9.9,0.642,1.7,9.7,11.4,5.8,1.3,1.3,3.7,3.1,28.2,109.8,25842697,91,82,74,62,98,98,90,87,70,85,98,95,91,98,85,95,80,74,84,97,95,81,86,86,90,78,86,92,46,70,93,89,88,90,84,94
"Deandre Ayton",1,0,0,0,0,0,0,22,0,0,0,0,0,0,0,0,0,0,0,0,0,0,0,0,0,0,0,0,0,0,0,1,0,0,0,0,0,0,0,27,866,17.7,0.617,0.058,0.219,13,28.9,21.1,8.4,0.5,2.8,15.8,18.8,1.4,1.3,2.7,0.148,-0.5,-0.3,-0.8,0.2,27,6.1,10.3,0.59,0.1,0.6,0.25,5.9,9.7,0.611,0.597,1.6,2.3,0.721,3.7,8.6,12.2,1.8,0.3,1,2.1,3.4,13.9,113.4,9562920,91,71,60,75,97,90,75,65,82,82,90,76,81,79,90,75,82,75,82,80,82,53,60,55,70,42,78,49,38,81,61,78,69,65,85,89
"Bradley Beal",0,0,0,0,0,0,1,27,0,0,0,0,0,0,0,0,0,0,0,0,0,0,0,0,0,0,0,0,0,0,0,0,0,0,0,0,0,0,1,24,846,24.8,0.591,0.308,0.348,3.9,11.7,7.7,25,1.7,1.2,10.1,36.2,2,0.5,2.5,0.141,6.3,-1.4,4.9,1.5,24,11.4,24,0.473,2.5,7.4,0.337,8.9,16.6,0.534,0.525,7.5,8.4,0.896,1.4,3.8,5.2,4.7,1.3,0.5,3.1,2.5,32.8,93.9,27093018,85,87,80,83,98,98,76,83,56,87,98,78,82,94,30,75,55,55,44,90,81,77,86,76,85,74,45,74,41,47,75,75,65,65,39,52
"Eric Bledsoe",0,0,0,0,0,0,1,31,0,0,0,0,0,0,0,0,0,0,0,0,0,0,0,0,0,0,1,0,0,0,0,0,0,0,0,0,0,0,0,27,780,12.6,0.556,0.518,0.19,1.8,11.8,6.8,17.7,1.1,0.9,13.2,19.4,0.7,0.2,0.9,0.055,-0.3,-1.7,-2.1,0,26,4.6,10.5,0.437,2.2,5.4,0.401,2.4,5.1,0.474,0.54,1.3,2,0.648,0.5,3.1,3.6,3.7,0.7,0.3,1.7,1.5,12.7,88.5,15625000,71,80,78,83,80,70,85,86,55,88,95,80,81,88,25,71,25,40,28,50,88,83,86,85,84,74,59,91,46,56,91,90,82,90,38,60
"Devin Booker",0,0,0,0,0,0,1,24,0,0,0,0,0,0,0,0,0,0,0,0,0,0,0,0,0,0,0,0,0,0,0,1,0,0,0,0,0,0,0,23,810,17.2,0.593,0.317,0.294,0.6,10.8,5.8,20.9,1.2,0.8,14.6,30.7,0.6,0.8,1.4,0.082,0.2,-1.1,-0.9,0.2,23,9,18.2,0.492,2,5.8,0.353,6.9,12.4,0.556,0.548,4.4,5.3,0.829,0.2,3.5,3.7,4.4,0.9,0.3,3.5,3.3,24.4,93.4,27285000,90,85,82,91,95,98,76,79,42,70,95,70,81,87,30,50,28,38,30,86,85,79,86,76,83,74,38,70,37,40,74,60,62,60,32,53
"Malcolm Brogdon",0,0,0,1,0,0,0,28,0,0,0,0,0,0,0,0,0,0,0,1,0,0,0,0,0,0,0,0,0,0,0,0,0,0,0,0,0,0,0,29,1045,18.3,0.548,0.365,0.159,2.4,12.3,7.4,28.1,1.7,0.7,9.5,26.2,1.5,1,2.5,0.115,3,-1.1,2,1,29,8.1,18.4,0.442,2.7,6.7,0.395,5.5,11.7,0.469,0.514,2.7,2.9,0.906,0.8,4.1,4.8,6.6,1.3,0.3,2.1,1.9,21.6,101.2,2e+07,65,93,75,93,98,90,77,77,56,72,93,95,84,76,40,75,44,45,40,88,84,89,86,77,92,79,65,77,38,40,81,77,74,65,39,61
"Jaylen Brown",0,0,0,0,0,0,1,24,0,1,0,0,0,0,0,0,0,0,0,0,0,0,0,0,0,0,0,0,0,0,0,0,0,0,0,0,0,0,0,26,868,22.3,0.598,0.303,0.246,3.9,14.9,9.2,19.5,1.7,1.6,11.6,31.4,1.7,0.9,2.6,0.146,4.9,-0.5,4.4,1.4,26,9.9,19.5,0.506,2.4,5.9,0.409,7.5,13.6,0.548,0.568,3.7,4.8,0.768,1.2,4.3,5.5,3.6,1.2,0.6,2.8,3,25.9,101.2,6534829,87,91,82,77,95,95,77,81,69,84,95,95,82,86,40,85,42,44,48,79,92,75,82,76,82,40,58,87,46,42,88,84,83,85,41,67
"Jimmy Butler",0,0,0,0,1,0,0,31,0,0,0,0,0,0,0,0,0,0,0,0,0,0,0,1,0,0,0,0,0,0,0,0,0,0,0,0,0,0,0,16,527,24.2,0.559,0.11,0.612,6.5,19,13.1,36.8,2.9,1.2,10.9,26.4,1.5,0.8,2.3,0.213,3.3,2.5,5.8,1,16,6,13.7,0.438,0.3,1.5,0.167,5.8,12.2,0.472,0.447,7.2,8.4,0.858,1.8,5.9,7.7,7.4,1.9,0.4,2.1,1.1,19.4,99.8,32742000,86,66,72,82,78,85,84,78,65,78,95,80,81,85,40,80,49,72,72,60,93,75,84,82,88,74,70,91,85,56,90,89,88,90,56,65
"Clint Capela",1,0,0,0,0,0,0,26,1,0,0,0,0,0,0,0,0,0,0,0,0,0,0,0,0,0,0,0,0,0,0,0,0,0,0,0,0,0,0,25,732,23.1,0.582,0,0.282,17,34.4,25.8,5.4,1.3,6.4,10.2,19.9,1.4,1.3,2.7,0.179,2,0.4,2.4,0.8,25,6.3,10.9,0.579,0,0,0,6.3,10.9,0.579,0.579,1.6,3.1,0.532,4.6,9.4,14,1,0.8,2.2,1.4,2.3,14.3,95.7,16896552,73,60,25,54,95,85,58,57,85,80,92,97,83,82,95,80,71,48,69,74,70,34,48,30,35,31,84,53,40,83,60,86,74,80,88,92
"Brandon Clarke",0,0,1,0,0,0,0,24,0,0,0,0,0,0,0,0,0,0,0,0,0,0,1,0,0,0,0,0,0,0,0,0,0,0,0,0,0,0,0,20,543,16.6,0.539,0.162,0.185,6.3,16.5,11.3,9.8,2.1,2.5,5.5,19.9,0.6,0.6,1.2,0.107,-0.3,0,-0.3,0.2,13,5.6,11.1,0.5,0.6,1.8,0.306,5,9.3,0.538,0.525,1.3,2.1,0.634,1.6,4,5.6,1.8,1.2,0.8,0.7,1.7,13,97.5,2478840,95,88,83,78,78,80,82,83,64,82,90,95,80,68,80,80,66,65,64,60,85,59,69,65,62,39,78,75,75,72,78,78,72,70,59,78
"John Collins",0,0,1,0,0,0,0,23,1,0,0,0,0,0,0,0,0,0,0,0,0,0,0,0,0,0,0,0,0,0,0,0,0,0,0,0,0,0,0,28,884,19.3,0.635,0.261,0.228,7.5,18.2,12.9,8.4,0.7,2.7,8.9,21.2,2.2,0.8,3,0.162,2.2,-0.4,1.8,0.8,28,7.1,13,0.547,1.4,3.4,0.411,5.7,9.6,0.595,0.6,2.6,3,0.867,2.2,5.4,7.6,1.6,0.5,1,1.4,3.4,18.2,102.1,2686560,87,88,83,81,98,95,71,65,66,85,92,96,84,82,95,93,77,75,69,72,85,37,57,50,66,33,74,49,36,81,57,74,38,60,70,87
"DeMarcus Cousins",1,0,0,0,0,0,0,30,0,0,0,0,0,0,0,0,0,0,1,0,0,0,0,0,0,0,0,0,0,0,0,0,0,0,0,0,0,0,0,25,506,15.1,0.511,0.552,0.281,6.2,34.1,20,17.9,2,3.1,14.2,23.1,-0.1,1.1,1,0.094,-1.5,1.9,0.4,0.3,11,3.2,8.4,0.376,1.6,4.6,0.336,1.6,3.8,0.426,0.469,1.8,2.4,0.746,1.2,6.4,7.6,2.4,0.8,0.7,1.6,3,9.6,122.5,3500000,84,69,68,74,80,75,63,62,94,71,98,70,72,84,95,82,95,94,88,83,95,60,72,60,84,70,70,48,76,83,49,70,68,45,55,88
"Stephen Curry",0,0,0,1,0,0,0,32,0,0,0,0,0,0,0,0,0,1,0,0,0,0,0,0,0,0,0,0,0,0,0,0,0,0,0,0,0,0,0,29,987,25.6,0.661,0.578,0.261,1.4,14.8,8.2,31.4,1.7,0.2,12.4,32.2,3.1,1.2,4.3,0.21,7.5,0,7.6,2.4,29,10,20.3,0.492,5,11.8,0.425,5,8.6,0.582,0.614,5,5.3,0.935,0.4,4.9,5.3,6,1.2,0.1,3.2,1.9,30,83.9,40231758,91,91,99,92,98,98,84,91,48,73,98,98,86,97,25,36,35,52,35,89,97,93,97,84,97,88,30,75,63,55,81,78,85,65,44,63
"Anthony Davis",0,0,1,0,0,0,0,27,0,0,0,0,0,0,0,0,0,0,0,0,0,1,0,0,0,0,0,0,0,0,0,0,0,0,0,0,0,0,0,23,755,24.7,0.588,0.151,0.339,7.2,20.9,14.3,15.5,2,4.6,9.3,27.9,1.6,1.7,3.3,0.212,4.3,2.1,6.4,1.6,23,8.9,16.7,0.533,0.7,2.5,0.293,8.1,14.1,0.575,0.555,4,5.7,0.715,2,6.3,8.4,3,1.3,1.8,2,1.8,22.5,100.7,27093019,90,72,74,86,90,98,79,78,87,86,97,98,78,94,95,86,93,93,89,90,95,60,65,67,72,60,97,73,63,89,71,97,82,95,75,81
"DeMar DeRozan",0,0,1,0,0,0,0,31,0,0,0,0,0,0,0,0,0,0,0,0,0,0,0,0,0,0,0,0,0,0,0,0,0,0,1,0,0,0,0,25,835,21.7,0.603,0.143,0.503,2.3,13.5,7.8,30.8,1.1,0.8,9.1,23.2,2.7,0.8,3.5,0.199,3.9,-0.1,3.8,1.2,25,6.6,13.4,0.488,0.6,1.9,0.333,5.9,11.5,0.514,0.512,6,6.8,0.893,0.8,4.2,5,6.9,0.8,0.3,1.6,1.8,19.8,99.8,27739975,94,88,71,82,85,85,82,86,57,88,98,85,91,93,55,90,40,78,86,70,94,75,81,82,79,72,50,77,43,40,81,74,82,65,35,65
"Spencer Dinwiddie",0,0,0,0,0,0,1,27,0,0,1,0,0,0,0,0,0,0,0,0,0,0,0,0,0,0,0,0,0,0,0,0,0,0,0,0,0,0,0,3,64,10.1,0.536,0.438,0.375,0,21.5,11.4,17.4,1.5,1.3,21.2,16,0,0.1,0.1,0.039,-3.4,2,-1.4,0,3,2,5.3,0.375,0.7,2.3,0.286,1.3,3,0.444,0.438,2,2,1,0,4.3,4.3,3,0.7,0.3,1.7,1.3,6.7,93,10605600,69,64,74,80,98,98,79,79,30,75,95,56,77,82,35,45,40,48,42,94,85,88,88,79,90,88,42,74,37,47,78,68,59,70,34,48
"Andre Drummond",1,0,0,0,0,0,0,27,0,0,0,0,0,1,0,0,0,0,0,0,0,0,0,0,0,0,0,0,0,0,0,0,0,0,0,0,0,0,0,25,722,20.9,0.5,0.021,0.339,15,37.5,25.9,15.8,2.7,3.6,15.6,30.8,-0.6,1.3,0.7,0.047,-0.5,0.2,-0.3,0.3,25,7.2,15.2,0.474,0,0.3,0,7.2,14.9,0.484,0.474,3.1,5.2,0.597,4,9.4,13.5,2.6,1.6,1.2,3.2,2.8,17.5,122.5,27093018,76,47,60,64,62,70,60,58,95,79,89,90,81,80,95,85,80,55,80,45,85,52,45,49,70,54,84,52,87,80,52,84,80,75,90,97
"Kevin Durant",0,0,1,0,0,0,0,32,0,0,1,0,0,0,0,0,0,0,0,0,0,0,0,0,0,0,0,0,0,0,0,0,0,0,0,0,0,0,0,19,679,25.1,0.652,0.315,0.404,1.2,20.6,11.5,23.5,1,3.3,13.7,31.2,2,0.6,2.6,0.182,5.4,0,5.4,1.2,18,9.9,18.9,0.524,2.6,5.9,0.434,7.3,12.9,0.565,0.592,6.6,7.6,0.869,0.4,6.9,7.3,5.3,0.7,1.4,3.5,2.3,29,104.3,37199000,98,98,86,89,97,98,80,80,63,77,94,75,88,94,60,85,70,88,80,70,91,75,86,80,78,73,68,86,37,66,87,85,75,85,32,69
"Joel Embiid",1,0,0,0,0,0,0,26,0,0,0,0,0,0,0,0,0,0,0,0,0,0,0,0,0,0,0,0,0,0,1,0,0,0,0,0,0,0,0,23,748,30.8,0.661,0.169,0.649,6.7,28.9,18.2,16.6,1.9,3.3,13.3,33.6,2.9,1.3,4.3,0.273,6.4,1.5,7.9,1.9,23,9.4,17.5,0.54,1.2,3,0.397,8.3,14.5,0.569,0.573,9.7,11.3,0.851,1.9,8.9,10.8,3.1,1.3,1.2,3.4,2.5,29.7,113.4,27504630,93,72,78,80,95,95,67,63,95,68,94,90,76,80,90,80,92,88,94,85,95,40,50,61,58,65,91,60,41,77,64,93,64,90,69,95
"Evan Fournier",0,0,0,0,1,0,0,28,0,0,0,0,0,0,0,0,0,0,0,0,0,0,0,0,0,0,0,0,0,1,0,0,0,0,0,0,0,0,0,15,430,17.5,0.593,0.482,0.389,0.9,8.5,4.6,20.7,1.7,1.3,12.1,25.5,0.7,0.4,1,0.116,1.4,-1,0.5,0.3,15,5.8,12.9,0.451,2.3,6.2,0.366,3.5,6.7,0.53,0.539,4,5,0.8,0.3,2.3,2.5,3.6,1,0.4,2.1,2.3,17.9,86.2,17150000,88,88,84,81,88,95,71,70,40,63,95,80,86,80,25,55,30,45,36,66,85,75,76,65,76,65,38,69,46,37,69,70,72,65,28,46
"Danilo Gallinari",0,0,1,0,0,0,0,32,1,0,0,0,0,0,0,0,0,0,0,0,0,0,0,0,0,0,0,0,0,0,0,0,0,0,0,0,0,0,0,16,315,12.5,0.594,0.57,0.43,1,14.6,7.9,8.6,0.5,0.5,11.7,22,0.4,0.2,0.5,0.083,-0.4,-2.2,-2.6,-0.1,1,3,7.6,0.397,1.6,4.3,0.377,1.4,3.3,0.423,0.504,3.1,3.3,0.942,0.2,2.7,2.9,1.1,0.2,0.1,1.2,1.9,10.7,102.1,22615559,78,82,84,89,98,98,60,60,66,66,95,85,75,84,45,68,66,69,85,88,76,72,76,60,65,44,69,56,37,30,68,70,62,65,37,69
"Paul George",0,0,0,0,1,0,0,30,0,0,0,0,0,0,0,0,0,0,0,0,1,0,0,0,0,0,0,0,0,0,0,0,0,0,0,0,0,0,0,20,680,23.2,0.662,0.474,0.254,2.2,17.8,10.2,25.7,1.7,1.2,16.4,28.6,1.8,0.8,2.6,0.185,5.7,-0.4,5.4,1.3,20,8.4,16.6,0.508,3.8,7.9,0.478,4.7,8.7,0.534,0.621,3.8,4.2,0.905,0.7,5.6,6.2,5.5,1.2,0.5,3.6,2.3,24.4,95.3,33005556,72,76,83,91,90,90,79,79,65,88,95,80,93,93,55,85,40,74,78,80,90,78,86,79,75,70,79,93,63,55,93,94,92,90,33,74
"Shai Gilgeous-Alexander",0,0,0,0,0,0,1,22,0,0,0,0,0,0,0,0,0,0,0,0,0,0,0,0,0,0,0,0,1,0,0,0,0,0,0,0,0,0,0,22,741,21.6,0.612,0.311,0.404,2.1,14.4,8.4,33,1.2,1.7,13.5,27.4,1.7,0.8,2.4,0.156,3.6,0,3.5,1,22,7.9,15.6,0.503,1.9,4.9,0.383,6,10.8,0.557,0.563,5,6.3,0.784,0.7,4.7,5.4,6.5,0.8,0.6,2.9,2,22.5,81.6,3952920,85,84,78,81,95,95,82,82,60,83,89,75,80,84,40,65,50,73,72,69,80,83,86,82,80,55,51,74,46,56,82,70,76,65,36,66
"Rudy Gobert",1,0,0,0,0,0,0,28,0,0,0,0,0,0,0,0,0,0,0,0,0,0,0,0,0,0,0,0,0,0,0,0,0,0,0,0,0,1,0,29,878,23.2,0.644,0.004,0.676,12.9,33.2,23.5,6.3,0.7,7.1,12.8,18,2.2,2.1,4.3,0.237,1.7,2,3.6,1.3,29,5.4,8.5,0.64,0,0,0,5.4,8.5,0.642,0.64,3.3,5.8,0.581,3.5,9.9,13.4,1.3,0.4,2.7,1.6,2.2,14.2,108,25258427,79,63,25,61,98,70,48,25,82,57,90,85,81,79,95,75,70,58,70,70,85,25,35,25,58,32,96,64,37,83,65,97,74,95,81,94
"Aaron Gordon",0,0,1,0,0,0,0,25,0,0,0,0,0,0,0,0,0,0,0,0,0,0,0,0,0,0,0,0,0,1,0,0,0,0,0,0,0,0,0,19,552,14.9,0.528,0.394,0.376,6,20.4,12.9,22.5,1.2,2.6,17.6,23.3,-0.1,0.6,0.6,0.05,0.5,0.1,0.6,0.4,19,4.8,11.2,0.427,1.6,4.4,0.369,3.2,6.8,0.465,0.5,2.6,4.2,0.613,1.7,5.5,7.2,4.2,0.7,0.8,2.8,2,13.8,99.8,19863636,76,60,74,70,97,85,71,67,72,92,95,90,84,85,95,95,58,60,72,74,95,55,62,66,60,60,78,79,40,52,74,75,68,70,52,74
"Blake Griffin",0,0,1,0,0,0,0,31,0,0,0,0,0,0,0,0,1,0,0,0,0,0,0,0,0,0,0,0,0,0,0,0,0,0,0,0,0,0,0,20,626,10,0.491,0.559,0.279,1.2,18.1,9.3,18.8,1.1,0.3,11.4,19.4,-0.1,0.5,0.4,0.027,-1.5,-1.1,-2.6,-0.1,20,4.1,11.1,0.365,2,6.2,0.315,2.1,4.9,0.429,0.453,2.2,3.1,0.71,0.4,4.9,5.2,3.9,0.7,0.1,1.6,2.1,12.3,114.3,34449964,75,45,61,78,80,70,68,71,94,90,95,95,88,78,98,93,74,74,85,72,98,75,75,66,74,66,78,59,33,51,65,72,70,65,43,62
"James Harden",0,0,0,0,0,0,1,31,0,0,0,0,0,0,0,0,0,0,0,0,0,0,0,0,0,0,0,0,0,0,0,0,0,0,0,0,1,0,0,24,903,24.2,0.648,0.5,0.434,2.3,18.5,10.7,44.7,1.3,1.7,18.5,26.5,3.3,0.9,4.1,0.22,6,-0.2,5.8,1.8,24,7.6,15.8,0.482,3,7.9,0.384,4.6,7.9,0.579,0.578,6.2,6.9,0.897,0.8,6.5,7.3,11.3,1,0.8,4.3,2.3,24.5,99.8,38199000,87,90,84,86,98,99,89,89,74,87,98,97,95,98,35,84,60,84,76,98,98,82,97,89,98,79,62,70,59,62,75,63,82,65,40,64
"Montrezl Harrell",1,0,0,0,0,0,0,27,0,0,0,0,0,0,0,0,0,0,0,0,0,1,0,0,0,0,0,0,0,0,0,0,0,0,0,0,0,0,0,29,714,21.3,0.676,0.017,0.429,10.7,17.7,14.3,6.9,1.4,2.5,11.5,19.6,2.1,1.3,3.4,0.227,1.8,0.5,2.3,0.8,0,5.3,8.3,0.646,0,0.1,0,5.3,8.1,0.657,0.646,2.6,3.6,0.738,2.3,4,6.3,1.1,0.7,0.7,1.3,2.2,13.3,114.8,6e+06,86,80,40,66,98,98,62,57,94,75,90,98,83,88,95,85,79,76,81,95,82,35,35,32,55,41,80,47,37,73,52,84,64,75,69,64
"Tobias Harris",0,0,1,0,0,0,0,28,0,0,0,0,0,0,0,0,0,0,0,0,0,0,0,0,0,0,0,0,0,0,1,0,0,0,0,0,0,0,0,26,896,19.7,0.615,0.27,0.225,4.2,19.9,12.3,14.3,1.1,2.2,10.8,23.2,1.9,1.1,3,0.16,2.9,-0.1,2.8,1.1,26,8,15.4,0.518,1.8,4.2,0.426,6.2,11.2,0.551,0.575,3.1,3.5,0.9,1.3,6.5,7.7,3.1,0.8,0.8,2,2.1,20.8,102.5,32742000,93,80,80,81,98,95,75,59,73,79,95,73,82,88,65,70,70,70,84,73,95,65,72,56,80,55,59,58,37,53,67,66,64,60,42,74
"Gordon Hayward",0,0,0,0,1,0,0,30,0,0,0,0,1,0,0,0,0,0,0,0,0,0,0,0,0,0,0,0,0,0,0,0,0,0,0,0,0,0,0,26,922,18.7,0.598,0.313,0.273,2.7,13.9,8.2,17.5,1.5,1.2,10.2,24.9,1.7,0.8,2.5,0.132,2.6,-0.8,1.8,0.9,26,8.1,16.6,0.486,2.2,5.2,0.422,5.9,11.4,0.515,0.552,3.9,4.5,0.864,0.9,4.5,5.5,3.8,1.1,0.4,2.1,1.9,22.3,93.9,32700690,94,83,83,88,95,85,80,77,63,75,80,86,78,87,40,75,40,65,58,40,91,75,77,77,79,68,56,73,38,51,76,73,58,65,42,69
"Buddy Hield",0,0,0,0,0,0,1,28,0,0,0,0,0,0,0,0,0,0,0,0,0,0,0,0,0,0,0,0,0,0,0,0,0,1,0,0,0,0,0,27,940,10.7,0.54,0.736,0.123,1.2,14.1,7.6,11.9,1.2,0.8,11.6,20.7,0.1,0.1,0.2,0.009,-0.7,-2,-2.8,-0.2,27,5.3,14.1,0.377,3.9,10.4,0.377,1.4,3.7,0.376,0.516,1.5,1.7,0.872,0.4,4.4,4.8,3,0.9,0.3,2,2.7,16.1,96.2,4861207,72,89,85,82,97,90,75,78,41,78,90,60,82,85,25,30,28,45,48,77,94,75,83,74,70,61,48,69,40,47,74,54,60,50,41,61
"Jrue Holiday",0,0,0,1,0,0,0,30,0,0,0,0,0,0,0,0,0,0,0,0,0,0,0,0,1,0,0,0,0,0,0,0,0,0,0,0,0,0,0,23,747,19.9,0.593,0.371,0.144,4.2,11.2,7.8,22.5,2.8,1.7,10.2,19.9,1.9,0.9,2.8,0.18,2.7,1.1,3.8,1.1,23,6.5,13,0.502,1.9,4.8,0.387,4.7,8.2,0.569,0.574,1.5,1.9,0.791,1.3,3.5,4.8,5.4,1.9,0.6,1.6,1.7,16.4,81.6,26131111,78,60,78,71,60,65,79,83,49,68,90,86,80,80,25,40,30,72,40,44,81,75,86,79,74,74,34,94,70,61,96,90,87,90,43,51
"Richaun Holmes",1,0,0,0,0,0,0,27,0,0,0,0,0,0,0,0,0,0,0,0,0,0,0,0,0,0,0,0,0,0,0,0,0,1,0,0,0,0,0,25,739,18.2,0.677,0.024,0.276,9.1,19.6,14.3,8.8,1.1,4.7,13.9,15.8,1.7,0.4,2.1,0.136,-0.6,-0.1,-0.7,0.2,25,5.4,8.4,0.648,0,0.2,0.2,5.4,8.2,0.659,0.65,1.8,2.3,0.793,2.5,5.2,7.7,1.8,0.7,1.6,1.5,4.1,12.8,110.2,4767000,83,82,45,82,97,90,57,55,65,81,80,95,82,78,85,80,72,57,69,69,85,42,58,38,54,30,75,40,53,82,56,68,55,50,80,82
"Al Horford",1,0,0,0,0,0,0,34,0,0,0,0,0,0,0,0,0,0,0,0,0,0,0,0,0,0,0,0,1,0,0,0,0,0,0,0,0,0,0,19,536,17.6,0.547,0.425,0.073,3.1,22.1,12.7,21.2,1.6,2.6,8.6,22.5,0.4,0.8,1.2,0.106,1.8,1.4,3.2,0.7,19,5.9,13,0.453,2.2,5.5,0.39,3.7,7.5,0.5,0.536,0.7,0.9,0.778,0.8,6.1,6.9,3.6,0.9,0.8,1.3,1.7,14.7,111.6,2.8e+07,70,90,75,73,86,65,53,48,91,69,95,85,78,65,80,61,85,85,85,40,84,75,50,33,88,66,90,63,42,65,67,92,70,90,50,68
"Serge Ibaka",1,0,0,0,0,0,0,31,0,0,0,0,0,0,0,0,0,0,0,0,1,0,0,0,0,0,0,0,0,0,0,0,0,0,0,0,0,0,0,29,701,18.2,0.593,0.287,0.164,9.1,21.5,15.5,10.6,0.5,4.6,11.7,20.5,1.2,0.9,2.1,0.143,1.1,-0.9,0.2,0.4,29,4.8,9.2,0.515,1,2.7,0.377,3.8,6.6,0.571,0.569,1.2,1.5,0.818,1.9,4.8,6.7,1.7,0.2,1.2,1.3,1.9,11.8,108.9,23271604,95,82,83,74,97,85,49,52,75,83,91,75,94,71,80,80,60,57,70,50,81,29,35,33,72,36,80,56,36,68,57,80,71,75,65,82
"Brandon Ingram",0,0,0,0,1,0,0,23,0,0,0,0,0,0,0,0,0,0,0,0,0,0,0,0,0,0,1,0,0,0,0,0,0,0,0,0,0,0,0,28,974,20.4,0.592,0.356,0.308,1.9,15.2,8.5,21.6,0.9,2.8,11,27.4,2.3,0.5,2.8,0.137,4.3,-1.2,3.1,1.2,28,8.2,17.5,0.466,2.5,6.3,0.4,5.7,11.3,0.503,0.538,4.7,5.4,0.874,0.6,4.8,5.4,4.8,0.6,0.9,2.5,1.8,23.6,88.9,7265485,85,79,84,87,95,98,71,78,42,77,89,80,85,82,65,75,64,76,62,60,80,75,78,70,70,70,61,69,41,57,72,75,68,40,47,68
"Kyrie Irving",0,0,0,1,0,0,0,28,0,0,1,0,0,0,0,0,0,0,0,0,0,0,0,0,0,0,0,0,0,0,0,0,0,0,0,0,0,0,0,20,707,25.3,0.647,0.346,0.213,3,11.1,7.3,26.6,1.4,1.7,9.9,29.6,2.6,0.4,3,0.203,6.1,-0.8,5.3,1.3,20,10.7,20,0.534,3.1,6.9,0.442,7.6,13.1,0.582,0.61,3.9,4.3,0.918,0.9,3.7,4.6,5.7,1.1,0.8,2.4,3,28.3,81.6,31742000,91,92,83,94,90,98,85,91,37,81,97,87,80,96,25,30,35,70,64,89,96,88,99,85,89,83,32,73,56,51,77,75,86,70,42,56
"LeBron James",0,0,0,1,0,0,0,36,0,0,0,0,0,0,0,0,0,0,0,0,0,1,0,0,0,0,0,0,0,0,0,0,0,0,0,0,0,0,0,29,1006,24.2,0.6,0.355,0.318,2,23.6,13.2,38.4,1.4,1.3,14.8,31.4,2.3,1.9,4.2,0.2,5.8,1.3,7.2,2.3,29,9.4,18.8,0.504,2.5,6.7,0.378,6.9,12.1,0.573,0.571,4.2,6,0.711,0.6,7.6,8.2,7.9,1,0.5,3.7,1.6,25.7,113.4,37436858,90,80,78,69,98,98,89,87,89,89,99,95,97,98,75,85,78,90,89,95,98,90,86,88,98,97,81,87,53,51,88,90,97,50,41,78
"DeAndre Jordan",1,0,0,0,0,0,0,32,0,0,1,0,0,0,0,0,0,0,0,0,0,0,0,0,0,0,0,0,0,0,0,0,0,0,0,0,0,0,0,28,606,16.7,0.764,0,0.372,9.7,25.7,18.1,11.6,0.7,5.2,26.7,12.8,1.1,0.7,1.8,0.139,-0.4,1.5,1.1,0.5,22,3.2,4,0.788,0,0,0,3.2,4,0.788,0.788,0.8,1.5,0.548,1.8,5.3,7,1.9,0.3,1.4,1.7,2.1,7.2,120.2,9881598,74,25,25,68,65,40,65,53,94,83,92,95,94,57,97,92,54,40,61,69,90,25,30,33,66,51,85,57,35,78,62,85,60,80,78,97
"Zach LaVine",0,0,0,0,0,0,1,25,0,0,0,1,0,0,0,0,0,0,0,0,0,0,0,0,0,0,0,0,0,0,0,0,0,0,0,0,0,0,0,27,962,22.7,0.649,0.42,0.272,2.6,14.4,8.6,24.7,1.5,1.1,14.9,30.7,2.3,0.9,3.1,0.156,4.9,-0.8,4.1,1.5,27,10.2,19.6,0.52,3.6,8.2,0.437,6.6,11.4,0.58,0.612,4.5,5.3,0.847,0.8,4.7,5.5,5.2,1.1,0.4,3.9,2.6,28.5,82.1,19500000,74,70,82,83,98,98,84,84,44,97,98,85,83,88,60,95,44,58,38,87,95,82,86,81,82,70,49,65,59,51,71,64,45,50,35,60
"Kawhi Leonard",0,0,0,0,1,0,0,29,0,0,0,0,0,0,0,0,0,0,0,0,1,0,0,0,0,0,0,0,0,0,0,0,0,0,0,0,0,0,0,23,792,27.5,0.617,0.259,0.32,2.8,16,9.6,24.7,2.5,1.6,7.8,30.2,3,1.1,4.1,0.247,5.5,0.7,6.3,1.7,23,9.7,19,0.513,1.9,4.9,0.389,7.8,14.1,0.556,0.563,5.3,6.1,0.879,0.8,5,5.9,5,1.8,0.6,1.8,1.5,26.7,102.1,32742000,92,80,81,89,96,98,85,81,75,79,94,85,82,90,55,86,50,88,85,80,98,79,86,83,78,74,79,97,87,58,97,97,97,98,41,76
"Damian Lillard",0,0,0,1,0,0,0,30,0,0,0,0,0,0,0,0,0,0,0,0,0,0,0,0,0,0,0,0,0,0,0,0,1,0,0,0,0,0,0,27,969,27.1,0.625,0.529,0.379,1.4,12.2,6.5,36.2,1.5,0.7,11.7,32.2,4.2,0.3,4.5,0.225,7.7,-1.4,6.3,2.1,27,9.2,20.4,0.451,4.1,10.8,0.384,5.1,9.6,0.527,0.553,7.2,7.7,0.933,0.5,3.9,4.4,7.7,1.1,0.3,3.1,1.6,29.8,88.5,29802321,88,94,86,89,98,98,87,88,63,89,97,95,98,96,25,85,30,38,42,94,95,94,92,87,95,80,25,69,40,45,77,72,77,55,32,51
"Brook Lopez",1,0,0,0,0,0,0,32,0,0,0,0,0,0,0,0,0,0,0,0,0,0,0,0,1,0,0,0,0,0,0,0,0,0,0,0,0,0,0,28,760,13.4,0.587,0.54,0.186,6,13.6,9.9,2.8,0.8,4.3,7.9,15.4,1,0.8,1.8,0.112,0,-0.9,-0.9,0.2,28,3.9,8.5,0.46,1.6,4.6,0.359,2.3,3.9,0.578,0.557,1.3,1.6,0.841,1.5,3.6,5.1,0.6,0.5,1.3,0.8,1.9,10.8,120.2,12093024,92,81,72,86,70,75,25,25,83,60,92,80,79,70,80,60,86,80,89,72,80,35,35,25,78,34,84,45,38,95,25,89,69,75,45,59
"Kevin Love",0,0,1,0,0,0,0,32,0,0,0,0,0,1,0,0,0,0,0,0,0,0,0,0,0,0,0,0,0,0,0,0,0,0,0,0,0,0,0,2,46,11.2,0.47,0.5,0.278,4.7,25,14.5,16,1.1,0,12.9,21.7,0,0,0,0.007,-1.2,-0.8,-2.1,0,2,3,9,0.333,1.5,4.5,0.333,1.5,4.5,0.333,0.417,2,2.5,0.8,1,5,6,2.5,0.5,0,1.5,0.5,9.5,117.9,28942830,85,97,82,85,90,80,66,38,85,70,88,96,77,72,75,55,87,85,85,73,90,65,52,33,77,60,69,50,36,47,54,75,57,50,60,93
"Kyle Lowry",0,0,0,1,0,0,0,34,0,0,0,0,0,0,0,0,0,0,0,0,0,0,0,0,0,0,0,0,0,0,0,0,0,0,0,1,0,0,0,25,859,16.3,0.601,0.539,0.264,2.4,15.5,8.7,28.1,1.6,0.5,16.4,21.9,1.5,0.7,2.2,0.124,1.3,-0.8,0.5,0.6,25,6,13.2,0.452,2.8,7.1,0.388,3.2,6.1,0.526,0.556,3,3.5,0.874,0.8,4.6,5.4,6.4,1.2,0.2,2.9,3.2,17.7,93,33296296,68,77,79,86,98,95,84,84,67,72,96,97,79,88,25,25,38,44,40,74,95,89,86,84,89,79,58,86,46,51,84,86,70,80,34,53
"Lauri Markkanen",0,0,1,0,0,0,0,23,0,0,0,1,0,0,0,0,0,0,0,0,0,0,0,0,0,0,0,0,0,0,0,0,0,0,0,0,0,0,0,14,426,17.2,0.654,0.546,0.243,2.1,19.7,11.1,4.3,1,1,10.5,22.8,0.6,0.4,1,0.117,1.8,-1.4,0.3,0.3,14,6.8,13.2,0.514,2.9,7.2,0.396,3.9,6,0.655,0.622,2.7,3.2,0.844,0.6,5.5,6.1,0.9,0.6,0.4,1.7,2.2,19.1,108.9,5300400,69,66,78,83,85,85,63,60,61,62,85,58,80,68,70,40,73,77,74,78,85,55,65,42,70,34,66,49,41,55,55,68,54,45,46,75
"Khris Middleton",0,0,0,0,1,0,0,29,0,0,0,0,0,0,0,0,0,0,0,0,0,0,0,0,1,0,0,0,0,0,0,0,0,0,0,0,0,0,0,28,924,20.1,0.632,0.376,0.224,2.4,16,9.3,24.8,1.5,0.4,13.6,23.7,2.5,0.9,3.4,0.177,3.5,-0.6,3,1.2,28,7.5,14.6,0.51,2.4,5.5,0.442,5,9.1,0.551,0.593,3,3.3,0.902,0.7,5.1,5.8,5.8,1,0.1,2.5,2.8,20.3,98.4,30603448,93,96,87,91,97,90,71,72,50,66,88,84,90,84,40,55,49,64,55,65,84,78,74,71,70,71,67,83,43,35,83,78,80,75,38,67
"Paul Millsap",0,0,1,0,0,0,0,35,0,0,0,0,0,0,0,1,0,0,0,0,0,0,0,0,0,0,0,0,0,0,0,0,0,0,0,0,0,0,0,26,621,17,0.63,0.413,0.312,7.4,17,12.2,9.6,1.7,2.2,10.8,16.9,1.3,0.6,2,0.152,1.6,-0.7,0.9,0.5,26,3.8,7.3,0.524,1.2,3,0.41,2.6,4.3,0.604,0.608,1.6,2.3,0.695,1.6,3.6,5.2,1.7,0.8,0.5,1,2.1,10.4,113.4,30350000,66,82,85,89,90,75,59,45,87,66,95,89,91,79,70,73,88,84,87,60,95,61,64,59,74,35,82,78,49,65,77,80,80,80,66,68
"Donovan Mitchell",0,0,0,0,0,0,1,24,0,0,0,0,0,0,0,0,0,0,0,0,0,0,0,0,0,0,0,0,0,0,0,0,0,0,0,0,0,1,0,27,908,18.9,0.559,0.445,0.261,3.2,10.3,6.9,25.3,1.3,0.9,12,31.4,1.6,1.1,2.7,0.145,2.7,-1,1.7,0.8,27,8.3,19.4,0.427,3.4,8.6,0.391,4.9,10.8,0.457,0.514,4.2,5.1,0.832,1,3.4,4.4,5.1,0.9,0.4,3,2.2,24.2,95.7,3635760,86,97,80,84,95,95,96,90,60,97,89,90,80,90,50,95,25,44,38,82,80,75,86,83,82,70,48,79,70,37,87,79,80,75,36,52
"Ja Morant",0,0,0,1,0,0,0,21,0,0,0,0,0,0,0,0,0,0,0,0,0,0,1,0,0,0,0,0,0,0,0,0,0,0,0,0,0,0,0,16,484,18.7,0.544,0.218,0.361,2.7,8.7,5.6,41.6,1.4,0.8,15.6,28.7,0.6,0.3,0.9,0.09,1.9,-2.9,-1,0.1,16,6.8,14.9,0.458,0.8,3.3,0.25,6,11.6,0.516,0.485,4.3,5.4,0.802,0.8,2.3,3.1,8.3,0.9,0.3,3.2,1.4,18.8,78.9,8730240,88,77,82,80,75,95,92,92,42,88,95,80,80,87,25,88,34,37,37,69,85,86,89,92,88,80,39,73,46,45,84,70,68,50,36,50
"Dejounte Murray",0,0,0,1,0,0,0,24,0,0,0,0,0,0,0,0,0,0,0,0,0,0,0,0,0,0,0,0,0,0,0,0,0,0,1,0,0,0,0,27,821,16.4,0.512,0.238,0.155,2.1,22.9,12.2,25,2.4,0.2,10.1,23.2,0.2,1.3,1.5,0.087,-0.7,1,0.3,0.5,27,6.2,13.9,0.447,1,3.3,0.315,5.1,10.6,0.488,0.484,1.7,2.1,0.81,0.6,6.6,7.2,5,1.6,0.1,1.7,2.1,15.1,77.1,2321735,75,88,80,79,75,70,82,81,40,60,80,85,80,86,40,65,40,48,49,58,88,82,86,82,82,71,43,89,96,47,93,85,88,85,51,76
"Jamal Murray",0,0,0,1,0,0,0,23,0,0,0,0,0,0,0,1,0,0,0,0,0,0,0,0,0,0,0,0,0,0,0,0,0,0,0,0,0,0,0,26,908,15.8,0.557,0.399,0.215,2.4,11.6,7,19.3,1.6,0.7,11.5,24.5,1,0.7,1.7,0.089,1.2,-1.7,-0.6,0.3,26,7.2,15.9,0.452,2.3,6.3,0.358,4.9,9.6,0.514,0.523,2.8,3.4,0.809,0.7,3.6,4.3,4.5,1.1,0.3,2.3,2.1,19.4,91.2,4444746,91,80,80,92,98,98,77,79,54,80,95,85,78,82,30,40,38,46,34,70,84,83,88,77,84,71,35,70,59,45,78,69,58,45,37,52
"Victor Oladipo",0,0,0,0,0,0,1,28,0,0,0,0,0,0,0,0,0,0,0,0,0,0,0,0,0,0,0,0,0,0,0,0,0,0,0,0,1,0,0,20,640,14.5,0.501,0.418,0.209,0.7,16.9,8.8,23.2,2,1.1,10.4,28.5,-0.4,0.9,0.5,0.037,-0.2,-0.5,-0.7,0.2,20,7,17.5,0.401,2.4,7.3,0.329,4.6,10.2,0.453,0.47,2.7,3.7,0.74,0.2,5,5.2,4.6,1.4,0.4,2.2,2.4,19.1,96.6,2.1e+07,64,84,73,76,98,80,81,82,66,88,85,85,83,78,35,85,41,53,40,60,84,75,79,80,80,60,48,86,70,40,90,86,84,85,40,60
"Chris Paul",0,0,0,1,0,0,0,35,0,0,0,0,0,0,0,0,0,0,0,0,0,0,0,0,0,0,0,0,0,0,0,1,0,0,0,0,0,0,0,26,843,20.4,0.589,0.296,0.204,2,13.8,8,38.9,1.9,0.7,13.9,23.4,2.2,1.1,3.2,0.183,2.7,1.2,3.9,1.3,26,6.5,13.4,0.489,1.5,4,0.369,5.1,9.4,0.539,0.543,2.7,2.7,0.972,0.6,4.1,4.7,8.2,1.2,0.3,2.3,2.7,17.2,79.4,38506482,95,97,80,91,90,85,80,80,62,75,88,75,77,85,25,27,40,55,75,55,90,88,90,80,88,77,61,91,73,35,90,82,95,90,31,65
"Julius Randle",0,0,1,0,0,0,0,26,0,0,0,0,0,0,0,0,0,0,0,0,0,0,0,0,0,0,0,1,0,0,0,0,0,0,0,0,0,0,0,30,1101,20.7,0.589,0.267,0.379,4,26.6,15.5,25.8,1,0.5,14.2,27.6,1.9,1.7,3.6,0.159,3.3,0.8,4.2,1.7,30,8.1,16.9,0.48,1.8,4.5,0.407,6.3,12.4,0.507,0.535,5.1,6.4,0.802,1.4,9.5,10.9,5.5,0.7,0.2,3.3,3.1,23.2,113.4,1.8e+07,86,75,66,70,85,85,73,76,87,69,85,85,84,88,85,85,79,60,79,74,95,55,72,68,74,64,67,53,40,47,67,69,52,60,60,85
"Mitchell Robinson",1,0,0,0,0,0,0,22,0,0,0,0,0,0,0,0,0,0,0,0,0,0,0,0,0,0,0,1,0,0,0,0,0,0,0,0,0,0,0,27,778,17.5,0.647,0,0.295,13.3,17.1,15.2,2.7,2.1,5.2,11.1,11.3,1.5,1.5,3,0.185,-0.4,1.2,0.8,0.6,27,3.8,5.8,0.66,0,0,0,3.8,5.8,0.66,0.66,0.8,1.7,0.478,3.6,4.8,8.4,0.5,1.2,1.5,0.8,2.9,8.4,101.2,1559712,72,68,32,62,98,80,48,25,65,83,85,95,80,82,90,80,65,52,50,58,80,44,40,25,54,28,84,49,56,94,65,87,65,85,84,79
"Derrick Rose",0,0,0,1,0,0,0,32,0,0,0,0,0,0,0,0,0,0,0,0,0,0,0,0,0,0,0,0,0,0,0,0,0,0,0,0,1,0,0,20,445,17.3,0.514,0.205,0.269,1.7,9.1,5.3,31.9,2.5,1.5,12.4,29.2,0.1,0.5,0.5,0.059,0.8,-0.4,0.4,0.3,0,5,11.7,0.427,0.8,2.4,0.333,4.2,9.3,0.452,0.462,2.7,3.2,0.841,0.4,1.8,2.2,4,1.2,0.4,1.9,1.1,13.5,86.2,7317074,93,84,74,88,98,98,86,86,50,89,90,95,69,94,25,35,55,55,55,65,85,87,88,86,88,88,50,67,43,47,73,66,64,40,36,46
"Ricky Rubio",0,0,0,1,0,0,0,30,0,0,0,0,0,0,0,0,0,0,0,0,0,0,0,0,0,1,0,0,0,0,0,0,0,0,0,0,0,0,0,27,679,11.2,0.475,0.32,0.293,1.7,13.4,7.2,35.1,2.4,0,21.5,16.1,0,0.5,0.5,0.038,-3.7,-0.7,-4.4,-0.4,12,2.5,6.7,0.37,0.6,2.1,0.276,1.9,4.6,0.415,0.414,1.6,2,0.83,0.4,3,3.4,6.5,1.3,0,2.1,2.2,7.2,81.6,16200000,78,76,78,83,88,80,75,79,27,60,88,73,80,74,25,25,25,40,26,68,86,84,86,75,88,85,32,78,59,37,83,76,70,70,37,58
"Domantas Sabonis",0,0,1,0,0,0,0,24,0,0,0,0,0,0,0,0,0,0,0,1,0,0,0,0,0,0,0,0,0,0,0,0,0,0,0,0,0,0,0,29,1055,20.7,0.595,0.18,0.376,8.6,26.4,17.6,24.3,1.3,1.6,15.8,25.6,1.9,1.4,3.3,0.151,2.7,0.8,3.4,1.4,29,8.2,15.5,0.528,1,2.8,0.358,7.2,12.7,0.565,0.56,4.1,5.8,0.71,2.8,8.8,11.6,5.7,1,0.7,3.4,3.6,21.5,104.8,3529554,82,91,64,73,90,95,48,44,82,54,85,95,86,79,70,50,80,76,85,78,85,38,39,26,51,70,61,29,38,52,38,65,39,30,77,92
"Collin Sexton",0,0,0,0,0,0,1,22,0,0,0,0,0,1,0,0,0,0,0,0,0,0,0,0,0,0,0,0,0,0,0,0,0,0,0,0,0,0,0,24,847,17.3,0.574,0.206,0.319,2.3,5.8,4,21.1,1.5,0.4,11,27.1,1.2,0.3,1.5,0.085,1.6,-1.5,0.1,0.4,24,8.4,17.4,0.484,1.5,3.6,0.407,7,13.8,0.505,0.526,4.5,5.5,0.805,0.8,1.8,2.5,4.3,1.1,0.2,2.5,2.9,22.8,86.2,4764960,84,84,82,85,75,95,89,89,68,84,95,75,81,85,30,75,25,38,28,68,75,80,86,88,76,54,55,63,43,32,78,60,69,45,42,43
"Pascal Siakam",0,0,1,0,0,0,0,26,0,0,0,0,0,0,0,0,0,0,0,0,0,0,0,0,0,0,0,0,0,0,0,0,0,0,0,1,0,0,0,25,895,17.6,0.541,0.248,0.305,6.6,17.8,12,20.1,1.6,1.7,10.5,25.4,1.2,0.9,2.1,0.113,0.5,-0.8,-0.2,0.4,25,7.6,16.8,0.455,1.2,4.2,0.298,6.4,12.6,0.506,0.492,4.1,5.1,0.797,2.2,5.6,7.8,4.5,1.2,0.6,2.2,3.1,20.6,103,2351838,79,84,82,81,98,98,76,78,70,79,95,95,82,88,90,80,79,74,82,84,84,40,69,69,45,64,86,79,42,65,78,88,82,90,42,72
"Ben Simmons",0,0,0,1,0,0,0,24,0,0,0,0,0,0,0,0,0,0,0,0,0,0,0,0,0,0,0,0,0,0,1,0,0,0,0,0,0,0,0,25,835,19.9,0.599,0.023,0.508,5.4,21.2,13.6,35,2.4,2.1,20.9,20.3,1.5,1.3,2.8,0.163,1.6,2.6,4.2,1.3,25,5.8,10.4,0.562,0,0.2,0.167,5.8,10.2,0.571,0.563,3.5,5.3,0.667,1.6,6.7,8.3,8,1.7,0.8,3.4,3.2,15.2,108.9,8113929,80,46,47,63,98,98,93,84,80,85,97,97,83,96,83,87,76,73,79,96,98,75,87,84,89,79,80,88,90,53,75,88,85,90,55,69
"Marcus Smart",0,0,0,1,0,0,0,26,0,1,0,0,0,0,0,0,0,0,0,0,0,0,0,0,0,0,0,0,0,0,0,0,0,0,0,0,0,0,0,17,549,14.6,0.516,0.479,0.33,1.4,8.3,4.8,26.4,2.8,1.5,12.2,19.1,0.6,0.6,1.2,0.106,0,0.2,0.3,0.3,17,4.4,11.1,0.394,1.6,5.3,0.311,2.7,5.8,0.469,0.468,2.7,3.6,0.742,0.4,2.4,2.8,6.1,1.8,0.5,1.8,2.3,13.1,103,12553571,77,73,79,79,47,30,75,82,70,86,90,90,83,65,25,50,25,58,66,37,80,70,79,74,65,70,59,90,73,55,92,90,85,90,37,49
"Jayson Tatum",0,0,0,0,1,0,0,22,0,1,0,0,0,0,0,0,0,0,0,0,0,0,0,0,0,0,0,0,0,0,0,0,0,0,0,0,0,0,0,23,810,21.4,0.561,0.338,0.238,1.7,20.9,11.1,23,1.7,1,9.6,30.9,1.4,1,2.4,0.142,4.6,0,4.6,1.4,23,9.3,20.8,0.449,2.7,7,0.389,6.6,13.8,0.479,0.515,4.4,5,0.886,0.6,6.4,7,4.7,1.3,0.4,2.4,1.9,25.8,92.5,7830000,80,84,85,85,97,98,79,82,65,82,95,75,80,88,50,90,50,68,57,89,95,69,84,79,78,55,50,83,59,63,83,83,79,80,41,71
"Karl-Anthony Towns",1,0,0,0,0,0,0,25,0,0,0,0,0,0,0,0,0,0,0,0,0,0,0,0,0,1,0,0,0,0,0,0,0,0,0,0,0,0,0,9,298,23.9,0.633,0.309,0.316,9.6,25.5,17.1,16.6,1.4,4.7,13.9,25.4,0.7,0.4,1.1,0.173,3.4,0.9,4.3,0.5,9,7.7,15.1,0.507,2,4.7,0.429,5.7,10.4,0.543,0.574,4.4,4.8,0.93,3.1,7.4,10.6,3.3,1,1.9,2.8,3.3,21.8,112.5,27285000,89,78,85,80,98,98,76,76,87,70,98,95,82,85,95,75,86,84,91,88,98,60,65,66,79,71,74,50,41,68,61,79,60,65,74,87
"Fred VanVleet",0,0,0,0,0,0,1,26,0,0,0,0,0,0,0,0,0,0,0,0,0,0,0,0,0,0,0,0,0,0,0,0,0,0,0,1,0,0,0,28,1020,18.3,0.56,0.525,0.219,2.1,11,6.4,27.9,2.3,1.9,10.2,23.7,2,1,3,0.14,2.9,-0.1,2.8,1.2,28,6.9,16.6,0.417,3.3,8.7,0.377,3.6,7.9,0.462,0.516,3.3,3.6,0.892,0.7,3.5,4.2,6.6,1.7,0.7,2.1,2.3,20.4,89.4,9346153,65,69,83,84,93,95,83,83,42,70,95,85,82,84,25,35,30,32,28,54,85,87,86,83,90,74,27,83,80,45,84,79,80,80,31,49
"Kemba Walker",0,0,0,1,0,0,0,30,0,1,0,0,0,0,0,0,0,0,0,0,0,0,0,0,0,0,0,0,0,0,0,0,0,0,0,0,0,0,0,13,364,14.2,0.5,0.487,0.21,2.1,12.9,7.3,22,1.9,0.5,12,28.4,0,0.3,0.3,0.043,0.7,-0.9,-0.3,0.2,13,5.5,15,0.364,2.6,7.3,0.358,2.8,7.7,0.37,0.451,2.8,3.2,0.902,0.5,3.2,3.7,4,1.1,0.2,2.2,1.3,16.4,78,32742000,60,91,82,87,95,98,85,90,50,81,93,90,86,89,25,30,28,60,35,80,88,89,96,85,92,72,32,75,43,56,77,72,77,60,36,52
"John Wall",0,0,0,1,0,0,0,30,0,0,0,0,0,0,0,0,0,0,1,0,0,0,0,0,0,0,0,0,0,0,0,0,0,0,0,0,0,0,0,19,591,17.3,0.539,0.347,0.281,1.8,10.9,6.3,34.7,1.5,1.9,15.5,30.7,0,0.7,0.7,0.061,1.9,-1,0.9,0.4,19,7.4,16.8,0.441,2.1,5.8,0.351,5.4,11,0.488,0.502,3.5,4.7,0.744,0.5,3.2,3.7,6.3,1,0.7,3.5,1.4,20.4,88.5,38199000,70,78,72,70,96,95,92,90,60,88,95,95,82,93,25,85,35,57,42,79,90,85,90,92,96,86,38,85,63,62,87,82,92,85,32,50
"Russell Westbrook",0,0,0,1,0,0,0,32,0,0,0,0,0,0,0,0,0,0,0,0,0,0,0,0,0,0,0,0,0,0,0,0,0,0,0,0,0,0,1,19,631,14.4,0.469,0.229,0.285,5.4,24.9,14.9,45.3,1.2,1,19.7,31.2,-1,0.5,-0.4,-0.034,-0.1,-1.7,-1.8,0,19,7.3,17.9,0.406,1.2,4.1,0.295,6.1,13.8,0.439,0.44,3.2,5.1,0.619,1.8,7.6,9.4,9.5,0.8,0.4,4.9,2.8,18.9,86.2,38506482,79,78,60,78,75,98,96,96,75,92,98,95,92,96,30,90,45,76,73,85,95,78,91,96,90,81,42,83,63,45,87,80,79,80,48,71
"Hassan Whiteside",1,0,0,0,0,0,0,31,0,0,0,0,0,0,0,0,0,0,0,0,0,0,0,0,0,0,0,0,0,0,0,0,0,1,0,0,0,0,0,20,296,22.2,0.617,0.009,0.451,11.3,30.6,20.9,4.7,1,7.7,12.3,22.3,0.5,0.3,0.8,0.125,-0.2,0.3,0.1,0.2,0,3.5,5.7,0.619,0,0.1,0,3.5,5.6,0.625,0.619,1.4,2.6,0.529,1.6,4.1,5.7,0.5,0.3,1.4,1,1.8,8.4,106.6,27093018,96,75,39,77,84,70,66,57,86,60,75,70,66,70,85,71,75,54,78,65,85,60,35,30,50,31,82,53,32,96,48,81,60,75,88,96
"Andrew Wiggins",0,0,1,0,0,0,0,25,0,0,0,0,0,0,0,0,0,1,0,0,0,0,0,0,0,0,0,0,0,0,0,0,0,0,0,0,0,0,0,29,934,14,0.556,0.36,0.24,3.4,11.9,7.7,10.1,1,3.6,10.3,23.3,0.1,1.1,1.2,0.064,-0.7,-0.8,-1.6,0.1,29,6.7,14.4,0.468,1.9,5.2,0.373,4.8,9.2,0.521,0.535,2.3,3.4,0.67,1,3.7,4.8,2.1,0.7,1.3,1.8,2.4,17.7,89.4,27504630,85,71,77,72,66,95,82,85,57,98,98,92,83,88,40,94,45,70,55,70,95,66,79,80,75,67,55,66,37,60,82,72,75,55,41,56
"Zion Williamson",0,0,1,0,0,0,0,20,0,0,0,0,0,0,0,0,0,0,0,0,0,0,0,0,0,0,1,0,0,0,0,0,0,0,0,0,0,0,0,27,880,27,0.659,0.038,0.496,8.2,14.9,11.5,16.2,1.5,2.2,10.8,27.8,3.4,0.5,3.9,0.215,4.6,-0.1,4.5,1.5,27,9.6,15.6,0.618,0.2,0.6,0.375,9.4,15,0.627,0.625,5.6,7.7,0.718,2.4,4.4,6.8,3.1,1,0.7,2.3,2.6,25,128.8,9757440,75,62,75,64,85,95,86,86,83,99,90,85,80,90,95,97,69,59,70,89,85,65,73,74,69,60,73,64,41,60,76,64,70,45,88,66
"Trae Young",0,0,0,1,0,0,0,22,1,0,0,0,0,0,0,0,0,0,0,0,0,0,0,0,0,0,0,0,0,0,0,0,0,0,0,0,0,0,0,26,901,22.9,0.598,0.349,0.577,2.2,9.7,6,44.5,1.1,0.7,16.2,32.5,2.7,0.5,3.1,0.168,5.8,-1.5,4.3,1.4,26,7.6,17.7,0.429,2.3,6.2,0.369,5.3,11.5,0.462,0.493,9,10.2,0.887,0.7,3.2,3.8,9.3,0.8,0.3,4.3,2,26.5,81.6,6273000,92,91,90,85,84,98,84,87,50,78,90,75,86,87,25,30,28,60,34,84,80,92,92,84,96,92,31,55,43,30,70,58,70,30,34,54
